date,hk_rgdp_gr,hk_rgdp,hk_u_rate,hk_tbr,hk_cpi,hk_tex,hk_tim,china_inf_rate,us_rgdp,china_rgdp_gr,hk_fdi,hk_proppi,hk_gfcf,hk_exr
03/01/1947,NA,NA,NA,NA,NA,NA,NA,NA,2034450,NA,NA,NA,NA,NA
06/01/1947,NA,NA,NA,NA,NA,NA,NA,NA,2029024,NA,NA,NA,NA,NA
09/01/1947,NA,NA,NA,NA,NA,NA,NA,NA,2024834,NA,NA,NA,NA,NA
12/01/1947,NA,NA,NA,NA,NA,NA,NA,NA,2056508,NA,NA,NA,NA,NA
03/01/1948,NA,NA,NA,NA,NA,NA,NA,NA,2087442,NA,NA,NA,NA,NA
06/01/1948,NA,NA,NA,NA,NA,NA,NA,NA,2121899,NA,NA,NA,NA,NA
09/01/1948,NA,NA,NA,NA,NA,NA,NA,NA,2134056,NA,NA,NA,NA,NA
12/01/1948,NA,NA,NA,NA,NA,NA,NA,NA,2136440,NA,NA,NA,NA,NA
03/01/1949,NA,NA,NA,NA,NA,NA,NA,NA,2107001,NA,NA,NA,NA,NA
06/01/1949,NA,NA,NA,NA,NA,NA,NA,NA,2099814,NA,NA,NA,NA,NA
09/01/1949,NA,NA,NA,NA,NA,NA,NA,NA,2121493,NA,NA,NA,NA,NA
12/01/1949,NA,NA,NA,NA,NA,NA,NA,NA,2103688,NA,NA,NA,NA,NA
03/01/1950,NA,NA,NA,NA,NA,NA,NA,NA,2186365,NA,NA,NA,NA,NA
06/01/1950,NA,NA,NA,NA,NA,NA,NA,NA,2253045,NA,NA,NA,NA,NA
09/01/1950,NA,NA,NA,NA,NA,NA,NA,NA,2340112,NA,NA,NA,NA,NA
12/01/1950,NA,NA,NA,NA,NA,NA,NA,NA,2384920,NA,NA,NA,NA,NA
03/01/1951,NA,NA,NA,NA,NA,NA,NA,NA,2417311,NA,NA,NA,NA,NA
06/01/1951,NA,NA,NA,NA,NA,NA,NA,NA,2459196,NA,NA,NA,NA,NA
09/01/1951,NA,NA,NA,NA,NA,NA,NA,NA,2509880,NA,NA,NA,NA,NA
12/01/1951,NA,NA,NA,NA,NA,NA,NA,NA,2515408,NA,NA,NA,NA,NA
03/01/1952,NA,NA,NA,NA,NA,NA,NA,NA,2542286,NA,NA,NA,NA,NA
06/01/1952,NA,NA,NA,NA,NA,NA,NA,NA,2547762,NA,NA,NA,NA,NA
09/01/1952,NA,NA,NA,NA,NA,NA,NA,NA,2566153,NA,NA,NA,NA,NA
12/01/1952,NA,NA,NA,NA,NA,NA,NA,NA,2650431,NA,NA,NA,NA,NA
03/01/1953,NA,NA,NA,NA,NA,NA,NA,NA,2699699,NA,NA,NA,NA,NA
06/01/1953,NA,NA,NA,NA,NA,NA,NA,NA,2720566,NA,NA,NA,NA,NA
09/01/1953,NA,NA,NA,NA,NA,NA,NA,NA,2705258,NA,NA,NA,NA,NA
12/01/1953,NA,NA,NA,NA,NA,NA,NA,NA,2664302,NA,NA,NA,NA,NA
03/01/1954,NA,NA,NA,NA,NA,NA,NA,NA,2651566,NA,NA,NA,NA,NA
06/01/1954,NA,NA,NA,NA,NA,NA,NA,NA,2654456,NA,NA,NA,NA,NA
09/01/1954,NA,NA,NA,NA,NA,NA,NA,NA,2684434,NA,NA,NA,NA,NA
12/01/1954,NA,NA,NA,NA,NA,NA,NA,NA,2736960,NA,NA,NA,NA,NA
03/01/1955,NA,NA,NA,NA,NA,NA,NA,NA,2815134,NA,NA,NA,NA,NA
06/01/1955,NA,NA,NA,NA,NA,NA,NA,NA,2860942,NA,NA,NA,NA,NA
09/01/1955,NA,NA,NA,NA,NA,NA,NA,NA,2899578,NA,NA,NA,NA,NA
12/01/1955,NA,NA,NA,NA,NA,NA,NA,NA,2916985,NA,NA,NA,NA,NA
03/01/1956,NA,NA,NA,NA,NA,NA,NA,NA,2905656,NA,NA,NA,NA,NA
06/01/1956,NA,NA,NA,NA,NA,NA,NA,NA,2929666,NA,NA,NA,NA,NA
09/01/1956,NA,NA,NA,NA,NA,NA,NA,NA,2927034,NA,NA,NA,NA,NA
12/01/1956,NA,NA,NA,NA,NA,NA,NA,NA,2975209,NA,NA,NA,NA,NA
03/01/1957,NA,NA,NA,NA,NA,NA,NA,NA,2994259,NA,NA,NA,NA,5.74216674
06/01/1957,NA,NA,NA,NA,NA,NA,NA,NA,2987699,NA,NA,NA,NA,5.73455495
09/01/1957,NA,NA,NA,NA,NA,NA,NA,NA,3016979,NA,NA,NA,NA,5.72552932
12/01/1957,NA,NA,NA,NA,NA,NA,NA,NA,2985775,NA,NA,NA,NA,5.59777918
03/01/1958,NA,NA,NA,NA,NA,NA,NA,NA,2908281,NA,NA,NA,NA,5.6836481
06/01/1958,NA,NA,NA,NA,NA,NA,NA,NA,2927395,NA,NA,NA,NA,5.71000634
09/01/1958,NA,NA,NA,NA,NA,NA,NA,NA,2995112,NA,NA,NA,NA,5.70268269
12/01/1958,NA,NA,NA,NA,NA,NA,NA,NA,3065141,NA,NA,NA,NA,5.71143257
03/01/1959,NA,NA,NA,NA,NA,NA,NA,NA,3123978,NA,NA,NA,NA,5.6836481
06/01/1959,NA,NA,NA,NA,NA,NA,NA,NA,3194429,NA,NA,NA,NA,5.68849591
09/01/1959,NA,NA,NA,NA,NA,NA,NA,NA,3196683,NA,NA,NA,NA,5.70756304
12/01/1959,NA,NA,NA,NA,NA,NA,NA,NA,3205790,NA,NA,NA,NA,5.71653206
03/01/1960,NA,NA,NA,NA,NA,NA,NA,NA,3277847,NA,NA,NA,NA,5.70126083
06/01/1960,NA,NA,NA,NA,NA,NA,NA,NA,3260177,NA,NA,NA,NA,5.70247953
09/01/1960,NA,NA,NA,NA,NA,NA,NA,NA,3276133,NA,NA,NA,NA,5.69497253
12/01/1960,NA,NA,NA,NA,NA,NA,NA,NA,3234087,NA,NA,NA,NA,5.70878443
03/01/1961,NA,NA,NA,NA,NA,NA,NA,NA,3255914,NA,NA,NA,NA,5.72164067
06/01/1961,NA,NA,NA,NA,NA,NA,NA,NA,3311181,NA,NA,NA,NA,5.74093102
09/01/1961,NA,NA,NA,NA,NA,NA,NA,NA,3374742,NA,NA,NA,NA,5.68728318
12/01/1961,NA,NA,NA,NA,NA,NA,NA,NA,3440924,NA,NA,NA,NA,5.70004266
03/01/1962,NA,NA,NA,NA,NA,NA,NA,NA,3502298,NA,NA,NA,NA,5.68849591
06/01/1962,NA,NA,NA,NA,NA,NA,NA,NA,3533947,NA,NA,NA,NA,5.69862211
09/01/1962,NA,NA,NA,NA,NA,NA,NA,NA,3577362,NA,NA,NA,NA,5.71408317
12/01/1962,NA,NA,NA,NA,NA,NA,NA,NA,3589128,NA,NA,NA,NA,5.71143257
03/01/1963,NA,NA,NA,NA,NA,NA,NA,NA,3628306,NA,NA,NA,NA,5.71755306
06/01/1963,NA,NA,NA,NA,NA,NA,NA,NA,3669020,NA,NA,NA,NA,5.7146952
09/01/1963,NA,NA,NA,NA,NA,NA,NA,NA,3749681,NA,NA,NA,NA,5.72123165
12/01/1963,NA,NA,NA,NA,NA,NA,NA,NA,3774264,NA,NA,NA,NA,5.72348201
03/01/1964,NA,NA,NA,NA,NA,NA,NA,NA,3853835,NA,NA,NA,NA,5.71980052
06/01/1964,NA,NA,NA,NA,NA,NA,NA,NA,3895793,NA,NA,NA,NA,5.73352788
09/01/1964,NA,NA,NA,NA,NA,NA,NA,NA,3956657,NA,NA,NA,NA,5.75083167
12/01/1964,NA,NA,NA,NA,NA,NA,NA,NA,3968878,NA,NA,NA,NA,5.73681581
03/01/1965,NA,NA,NA,NA,NA,NA,NA,NA,4064915,NA,NA,NA,NA,5.73599347
06/01/1965,NA,NA,NA,NA,NA,NA,NA,NA,4116267,NA,NA,NA,NA,5.73352788
09/01/1965,NA,NA,NA,NA,NA,NA,NA,NA,4207782,NA,NA,NA,NA,5.71285951
12/01/1965,NA,NA,NA,NA,NA,NA,NA,NA,4304731,NA,NA,NA,NA,5.71082124
03/01/1966,NA,NA,NA,NA,NA,NA,NA,NA,4409518,NA,NA,NA,NA,5.73065403
06/01/1966,NA,NA,NA,NA,NA,NA,NA,NA,4424581,NA,NA,NA,NA,5.73784406
09/01/1966,NA,NA,NA,NA,NA,NA,NA,NA,4462053,NA,NA,NA,NA,5.73414408
12/01/1966,NA,NA,NA,NA,NA,NA,NA,NA,4498660,NA,NA,NA,NA,5.7366102
03/01/1967,NA,NA,NA,NA,NA,NA,NA,NA,4538498,NA,NA,NA,NA,5.72204976
06/01/1967,NA,NA,NA,NA,NA,NA,NA,NA,4541280,NA,NA,NA,NA,5.73702143
09/01/1967,NA,NA,NA,NA,NA,NA,NA,NA,4584246,NA,NA,NA,NA,5.75062506
12/01/1967,NA,NA,NA,NA,NA,NA,NA,NA,4618812,NA,NA,NA,NA,6.04713377
03/01/1968,NA,NA,NA,NA,NA,NA,NA,NA,4713013,NA,NA,NA,NA,6.06022989
06/01/1968,NA,NA,NA,NA,NA,NA,NA,NA,4791758,NA,NA,NA,NA,6.10728532
09/01/1968,NA,NA,NA,NA,NA,NA,NA,NA,4828892,NA,NA,NA,NA,6.08939488
12/01/1968,NA,NA,NA,NA,NA,NA,NA,NA,4847885,NA,NA,NA,NA,6.10267489
03/01/1969,NA,NA,NA,NA,NA,NA,NA,NA,4923760,NA,NA,NA,NA,6.07617254
06/01/1969,NA,NA,NA,NA,NA,NA,NA,NA,4938728,NA,NA,NA,NA,6.08506586
09/01/1969,NA,NA,NA,NA,NA,NA,NA,NA,4971349,NA,NA,NA,NA,6.107029
12/01/1969,NA,NA,NA,NA,NA,NA,NA,NA,4947104,NA,NA,NA,NA,6.06123964
03/01/1970,NA,NA,NA,NA,NA,NA,NA,NA,4939759,NA,NA,NA,NA,6.04612872
06/01/1970,NA,NA,NA,NA,NA,NA,NA,NA,4946770,NA,NA,NA,NA,6.07515782
09/01/1970,NA,NA,NA,NA,NA,NA,NA,NA,4992357,NA,NA,NA,NA,6.09373006
12/01/1970,NA,NA,NA,NA,NA,NA,NA,NA,4938857,NA,NA,NA,NA,6.07896478
03/01/1971,NA,NA,NA,NA,NA,NA,NA,NA,5072996,NA,NA,NA,NA,6.02061235
06/01/1971,NA,NA,NA,NA,NA,720.3331544,852.0126734,NA,5100447,NA,NA,NA,NA,6.01439117
09/01/1971,NA,NA,NA,NA,NA,713.4501665,815.7862478,NA,5142422,NA,NA,NA,NA,5.85562093
12/01/1971,NA,NA,NA,NA,NA,754.4154141,875.9342326,NA,5154547,NA,NA,NA,NA,6.18942621
03/01/1972,NA,NA,NA,NA,NA,845.2597075,920.0447873,NA,5249337,NA,NA,NA,NA,6.04201727
06/01/1972,NA,NA,NA,NA,NA,831.9902871,963.3929839,NA,5368485,NA,NA,NA,NA,6.34058955
09/01/1972,NA,NA,NA,NA,NA,860.7691905,981.2777374,NA,5419184,NA,NA,NA,NA,6.13973183
12/01/1972,NA,NA,NA,NA,NA,902.6423431,993.4243224,NA,5509926,NA,NA,NA,NA,6.18207481
03/01/1973,NA,14359.51036,NA,NA,NA,1046.338159,1154.435339,NA,5646286,NA,NA,NA,404.3314501,6.20061524
06/01/1973,NA,14782.36214,NA,NA,NA,1129.472034,1267.938131,NA,5707755,NA,NA,NA,453.6566289,6.0558538
09/01/1973,NA,15875.63102,NA,NA,NA,1350.925103,1477.385352,NA,5677738,NA,NA,NA,444.6994034,6.15839316
12/01/1973,NA,15376.94479,NA,NA,NA,1516.030124,1752.336204,NA,5731632,NA,NA,NA,477.7785072,6.14029797
03/01/1974,NA,15947.46175,NA,NA,NA,1545.15651,1687.288431,NA,5682353,NA,NA,NA,505.94339,6.1065203
06/01/1974,NA,15329.33579,NA,NA,NA,1610.524591,1874.503837,NA,5695859,NA,NA,NA,533.9351608,6.08963147
09/01/1974,NA,16576.70286,NA,NA,NA,1470.771452,1717.717565,NA,5642025,NA,NA,NA,557.946693,6.01042298
12/01/1974,NA,15296.32636,NA,NA,NA,1352.835009,1500.495074,NA,5620126,NA,NA,NA,538.0556119,6.01155787
03/01/1975,NA,16324.64789,NA,NA,NA,1427.775432,1567.147256,NA,5551713,NA,NA,NA,553.7323944,6.03777352
06/01/1975,NA,16087.12429,NA,NA,NA,1411.772196,1543.73482,NA,5591382,NA,NA,NA,515.8407799,6.12396296
09/01/1975,NA,16639.89689,NA,NA,NA,1524.310664,1763.437323,NA,5687087,NA,NA,NA,531.0331152,5.92611567
12/01/1975,NA,15747.768,NA,NA,NA,1649.643678,1884.761417,NA,5763665,NA,NA,NA,557.3044111,5.8919248
03/01/1976,NA,18173.03071,NA,NA,NA,1990.116838,2056.952565,NA,5893276,NA,NA,NA,589.5861148,5.69489253
06/01/1976,NA,18218.38146,NA,NA,NA,2053.927469,2158.246262,NA,5936515,NA,NA,NA,645.9943066,5.66398864
09/01/1976,NA,19584.7981,NA,NA,NA,2125.131461,2238.292026,NA,5969089,NA,NA,NA,676.7560231,5.64195132
12/01/1976,NA,19942.86906,NA,NA,NA,2283.05923,2369.7458,NA,6012356,NA,NA,NA,751.8765638,5.42923866
03/01/1977,NA,21611.34996,NA,NA,NA,2309.021434,2526.269323,NA,6083391,NA,NA,NA,908.4264832,5.37272949
06/01/1977,NA,21184.32884,NA,NA,NA,2314.298299,2572.617227,NA,6201659,NA,NA,NA,924.6414044,5.45626247
09/01/1977,NA,23279.90551,NA,NA,NA,2434.675787,2534.216123,NA,6313559,NA,NA,NA,921.5405541,5.43719821
12/01/1977,NA,22996.92989,NA,NA,NA,2545.342896,2795.34338,NA,6313697,NA,NA,NA,1049.121805,5.60589865
03/01/1978,NA,24203.78667,NA,NA,NA,2523.667938,2985.843226,NA,6333848,NA,NA,NA,1127.330539,5.71962109
06/01/1978,NA,24269.00711,NA,NA,NA,2782.959514,3195.940769,NA,6578605,NA,NA,NA,1140.857204,5.76255641
09/01/1978,NA,23894.3003,NA,NA,NA,2907.369297,3385.361043,NA,6644754,NA,NA,NA,1195.448745,6.07353319
12/01/1978,NA,23703.16098,NA,NA,NA,3178.17362,3782.507123,NA,6734069,NA,NA,NA,1352.313167,6.25732823
03/01/1979,NA,25002.21515,NA,NA,NA,3316.110907,3833.521134,NA,6746176,NA,NA,NA,1542.156998,6.42122738
06/01/1979,NA,24324.58952,NA,NA,NA,3567.269828,4039.12476,NA,6753389,NA,NA,NA,1496.761955,6.58068015
09/01/1979,NA,24981.41628,NA,NA,NA,3928.719043,4447.017311,NA,6803558,NA,NA,NA,1689.749609,6.57293081
12/01/1979,NA,26046.4479,NA,NA,NA,4231.472315,4764.056238,NA,6820572,NA,NA,16.5,1970.861458,6.51815943
03/01/1980,NA,26069.05648,NA,NA,NA,4536.010243,5209.03196,NA,6842024,NA,NA,18.4,2190.59858,6.35979181
06/01/1980,NA,28065.8933,NA,NA,NA,4965.745152,5533.416257,NA,6701046,NA,NA,18.4,2232.346395,6.53184474
09/01/1980,NA,29177.01801,NA,NA,NA,5073.791463,5703.277032,NA,6693082,NA,NA,20.3,2414.930204,6.56350895
12/01/1980,NA,27722.10581,NA,NA,26.41521578,5131.656065,5937.460761,NA,6817903,NA,NA,22.4,2464.313777,6.54286663
03/01/1981,NA,27045.78426,NA,NA,27.51584977,5438.345144,6306.367661,NA,6951495,NA,NA,24.3,2511.57752,6.50253689
06/01/1981,NA,27095.49925,NA,NA,28.4941911,5428.650993,6253.391386,NA,6899980,NA,NA,24.4,2605.594534,6.39849962
09/01/1981,NA,26043.52502,NA,NA,29.47253242,5305.41107,6005.175445,NA,6982609,NA,NA,24.6,2432.872991,7.02782516
12/01/1981,NA,27808.12013,3.43333333,NA,30.32858108,5642.126042,6204.555989,NA,6906529,NA,NA,24.1,2598.985418,6.60544266
03/01/1982,NA,25782.17618,3.1,NA,31.06233708,5398.350669,6176.100927,NA,6799233,NA,NA,22.5,2597.507909,6.50934996
06/01/1982,NA,25721.13842,3.16666667,NA,31.79609307,5373.633224,5972.492386,NA,6830251,NA,NA,21.7,2380.908716,6.44749059
09/01/1982,NA,26271.81052,3.73333333,NA,32.4075564,5249.157822,5933.239243,NA,6804139,NA,NA,20.6,2541.962449,6.72357219
12/01/1982,NA,24560.9777,4.2,NA,33.26360506,5012.850961,5523.361622,NA,6806857,NA,NA,19.5,2269.160708,7.16468292
03/01/1983,NA,22944.73535,4.66666667,NA,33.99736105,5054.026059,5585.365594,NA,6896561,NA,NA,18.5,1936.486596,7.24864358
06/01/1983,NA,22675.30912,4.8,NA,34.85340971,5354.938051,5867.956318,NA,7053500,NA,NA,18.6,1800.79579,7.66009274
09/01/1983,NA,22613.97249,4,NA,35.46487304,5537.453925,6070.84539,NA,7194504,NA,NA,17.9,1828.069663,8.58679801
12/01/1983,NA,22428.70518,4.43333333,NA,36.93238503,5962.274022,6438.875969,NA,7344597,NA,NA,17,1826.842784,8.1453175
03/01/1984,NA,21841.15076,3.93333333,NA,37.66614102,6527.701936,6771.318413,NA,7488167,NA,NA,17.5,1782.20998,8.30930008
06/01/1984,NA,23252.39052,3.7,NA,38.27760435,6961.107003,7115.06237,NA,7617547,NA,NA,17.6,1861.471307,8.06410032
09/01/1984,NA,24071.3357,3.8,NA,38.64448235,7299.562369,7311.674583,NA,7690985,NA,NA,16.7,1856.818703,7.80519481
12/01/1984,NA,23411.8945,4.13333333,NA,38.88906768,7395.811931,7328.075638,NA,7754117,NA,NA,16.9,1938.9259,7.66817946
03/01/1985,NA,23114.00212,3.23333333,NA,39.13365301,7830.801813,7476.959599,6.33333333,7829260,NA,NA,17.6,1843.031401,7.72997622
06/01/1985,NA,22753.98835,2.93333333,NA,39.62282367,7593.15856,7381.027929,9.23333333,7898194,NA,NA,18.5,1883.04259,7.747674
09/01/1985,NA,23648.49643,3.4,NA,39.867409,7340.122682,7183.017159,11.13333333,8018809,NA,NA,19.6,1768.311226,8.21035458
12/01/1985,NA,24054.07369,3.46666667,NA,40.11199434,7471.883302,7636.975561,11.43333333,8078415,NA,NA,20.3,1991.547514,8.57974517
03/01/1986,NA,23236.81211,3.06666667,NA,40.47887233,7638.150194,7747.845066,8.03333333,8153829,NA,NA,20.4,1979.304074,8.89440315
06/01/1986,NA,24596.16904,3.03333333,NA,40.968043,8437.678887,8457.871103,4.56666667,8190552,NA,NA,20.6,2049.114865,9.19678289
09/01/1986,NA,27575.67734,3.06666667,NA,41.33492099,9083.307359,9046.683236,4.33333333,8268935,NA,NA,21.6,2174.356828,9.4670679
12/01/1986,NA,28394.98256,2.5,NA,41.82409166,10033.16986,10002.53895,5.9,8313338,NA,NA,22.7,2629.925097,9.53481829
03/01/1987,NA,26358.53587,1.9,NA,42.31326232,10826.08603,10922.22849,5.43333333,8375274,NA,NA,24.6,2645.302931,10.0266125
06/01/1987,NA,27927.63706,1.63333333,NA,43.29160364,11781.07938,11713.06459,7.36666667,8465630,NA,NA,26.2,2754.09668,9.98006288
09/01/1987,NA,31756.07132,1.73333333,NA,43.78077431,12535.27031,12427.27699,7.9,8539075,NA,NA,27.1,3132.62117,9.99142641
12/01/1987,NA,31739.77953,1.83333333,NA,44.63682297,13038.82133,13244.92427,8.23333333,8685694,NA,NA,27.3,3414.238721,11.00880989
03/01/1988,NA,28888.26653,1.43333333,NA,45.24828629,14105.65189,13808.20204,10.36666667,8730569,NA,NA,28.3,3352.645396,10.82779574
06/01/1988,NA,30404.2723,1.46666667,NA,46.47121295,15036.84746,15299.8657,14.23333333,8845280,NA,NA,30.8,3611.823493,10.22673657
09/01/1988,NA,34049.45132,1.56666667,NA,47.44955428,16356.80698,16798.77988,23.06666667,8897107,NA,NA,33,3911.673944,10.07793951
12/01/1988,NA,34327.45742,1.23333333,NA,48.30560294,17314.97448,17687.38416,27.26666667,9015661,NA,NA,35.3,4239.617568,10.50719274
03/01/1989,NA,30849.14005,0.96666667,NA,49.77311492,17887.81085,18285.56572,27.63333333,9107314,NA,NA,39.4,4334.408717,10.06760862
06/01/1989,NA,31405.45123,1.13333333,NA,51.24062691,18252.10529,18273.6464,24.73333333,9176827,NA,NA,40.8,4524.751458,9.71557483
09/01/1989,NA,34155.62179,1.1,NA,52.3412609,18657.13844,18107.84438,15.4,9244816,NA,NA,39.2,4482.783651,9.98246669
12/01/1989,NA,34263.34589,1.06666667,NA,53.31960223,18250.17442,17473.18446,7.53333333,9263033,NA,NA,41.4,4457.564985,10.25967882
03/01/1990,1.2,31084.28491,1.2,NA,54.54252888,18825.96635,18733.53498,4.03333333,9364259,NA,NA,42.8,4602.002151,10.15688009
06/01/1990,2.1,32784.4911,1.36666667,NA,56.37691887,20030.76297,19777.47752,2.33333333,9398243,NA,NA,43.7,4881.428168,10.30899174
09/01/1990,1.1,36014.85467,1.46666667,NA,57.59984553,20563.05254,20721.22048,2.16666667,9404494,NA,NA,45.3,5120.999923,10.80907952
12/01/1990,1,36002.7727,1.23333333,NA,59.31194284,22379.83996,22957.5597,3.7,9318876,NA,NA,47.3,5562.734535,11.09814912
03/01/1991,1.6,33047.80928,1.23333333,NA,61.02404016,22296.47712,23161.74022,1.86666667,9275276,NA,NA,49.6,5208.593523,10.493154
06/01/1991,1.3,34610.85988,2,NA,63.10301548,24111.83634,24445.04183,3.1,9347597,NA,NA,56,5720.359708,10.20059416
09/01/1991,1.4,37924.13438,2,NA,63.95906414,25108.19772,25571.54829,4.7,9394834,NA,NA,65.5,6040.982902,10.59507524
12/01/1991,2.1,38402.07669,1.8,NA,65.30428346,26683.09515,26812.02383,4.56666667,9427581,NA,NA,73.2,6454.990102,11.13018352
03/01/1992,1.1,35293.45775,1.86666667,NA,67.13867345,27914.63075,28463.88909,5.36666667,9540444,13.6,NA,79.6,6205.229157,10.61591221
06/01/1992,1.7,37056.14038,2.23333333,NA,68.85077077,29687.77088,30545.25046,5.53333333,9643893,14.1,NA,86.8,7063.247304,11.06579079
09/01/1992,1.8,40613.30333,1.76666667,NA,70.07369742,30172.9033,31119.45757,6.16666667,9739185,14.6,NA,88.7,7475.264812,11.37474962
12/01/1992,0.9,40601.64956,1.93333333,3.83,71.54120941,31724.77579,33032.40396,8.3,9840753,14.6,NA,85.7,7582.542596,10.64666492
03/01/1993,1.4,37641.47162,1.96666667,NA,73.25330673,33060.31816,33662.00982,11.1,9857185,15.3,NA,85.1,7450.127778,10.80718429
06/01/1993,1.7,39346.43341,2.06666667,NA,74.96540405,33317.791,34194.49796,13.9,9914565,13.5,NA,91,8246.967123,10.87652221
09/01/1993,2.3,42929.34116,1.96666667,NA,76.06603804,34325.88963,35452.56599,16.1,9961873,12.9,NA,97.9,8451.442215,10.97417233
12/01/1993,1.1,43257.1261,1.93333333,3.17,77.90042802,34816.7345,35301.30325,17.13333333,10097362,14.1,NA,98,8349.955138,10.61211273
03/01/1994,2.2,40646.56362,1.8,3.4,79.12335468,35541.09887,36888.83082,22.23333333,10195338,14.1,NA,112.9,9293.101366,10.91654942
06/01/1994,0.8,42031.3147,1.8,4.06,81.32462266,37025.5022,39733.69281,21.86666667,10333495,13.3,NA,116.8,10112.96584,11.19444058
09/01/1994,0.8,45021.48293,1.96666667,4.32666667,83.15901265,38624.49353,41420.47059,25.7,10393898,13.1,NA,115.9,9831.673943,11.33845743
12/01/1994,1.3,45474.32543,2.1,5.33333333,85.23798796,39917.29228,43305.21622,26.9,10512962,12,NA,114,10624.24287,11.29630089
03/01/1995,0.7,42187.13239,2.3,5.99333333,86.82779262,42562.21713,46982.74433,22.6,10550251,11.9,NA,111.9,10074.58924,12.06733238
06/01/1995,-0.2,43225.0919,2.8,5.7,89.0290606,43082.08832,48344.1795,19.73333333,10581723,11,NA,110.3,11376.55521,12.13904842
09/01/1995,-0.2,45522.48578,3.5,5.67,90.61886525,44408.07971,49084.10549,14.8,10671738,10.4,NA,104.3,11157.56195,11.64685857
12/01/1995,1.3,46197.80172,3.63333333,5.55333333,91.96408458,43603.54111,48171.63177,11.13333333,10744203,10.8,NA,102.6,11092.5,11.49350109
03/01/1996,1.6,43248.77035,3.03333333,5.13333333,92.82013323,45013.12132,50005.98049,9.36666667,10824674,10.9,NA,108.8,11264.4357,11.30098705
06/01/1996,0.7,44787.77487,3,5.16333333,94.89910855,44373.17956,48686.86006,9.06666667,11005217,9.4,NA,113.5,12236.93734,11.1714588
09/01/1996,1.3,47717.23579,2.73333333,5.21333333,95.75515721,45915.04341,49581.43608,7.93333333,11103935,9.2,NA,116.7,12076.30186,11.13068661
12/01/1996,2.3,48950.30172,2.63333333,4.67,97.5895472,45338.3968,50207.31913,6.96666667,11219238,10.3,NA,128.5,13949.48276,11.12402075
03/01/1997,1.5,45711.03297,2.23333333,4.91333333,98.56788852,45864.38799,52086.31065,5.16666667,11291665,10.1,NA,153.1,13694.47039,10.74837838
06/01/1997,1.9,48085.54866,2.2,5.51,100.2799858,46227.75822,51224.2277,2.93333333,11479330,10,NA,167.1,14784.96637,10.75391212
09/01/1997,0.5,50650.06672,2.2,6.69666667,101.6252052,47037.5495,52140.34979,2.13333333,11622911,8.6,NA,169.5,14831.87707,10.56401001
12/01/1997,-2.7,49464.20956,2.3,8.58333333,102.8481318,48582.696,52922.12184,1,11722722,8.6,NA,162.8,15747.018,10.45129744
03/01/1998,-2.4,44496.91126,2.73333333,6.88333333,103.4595952,45452.31072,49573.59309,0.3,11839876,7.3,NA,139.7,13540.97161,10.3517788
06/01/1998,-1.7,45189.32452,3.96666667,7.49333333,104.6825218,44931.2798,48475.99853,-0.86666667,11949492,6.9,NA,124.8,14168.75307,10.31147471
09/01/1998,-1.6,46436.33016,5.1,9.20666667,104.4379365,42069.93621,43844.16122,-1.43333333,12099191,7.8,NA,103.7,11680.09567,10.62089375
12/01/1998,-0.9,46294.95753,5.73333333,5.55666667,102.1143758,41922.1402,43289.50066,-1.1,12294737,9.1,NA,100.2,11605.81963,10.90655647
03/01/1999,1,43109.61892,6.03333333,5.66,101.5029125,41216.45012,42340.49334,-1.43333333,12410778,8.9,5815.356023,102.5,10696.78108,10.52191352
06/01/1999,2.2,45363.26155,6.2,4.99666667,100.5245712,42478.46065,43322.83777,-2.16666667,12514408,7.9,6741.974451,102.4,10625.83566,10.36103311
09/01/1999,2,48201.37738,6.36666667,5.63,98.32330319,43732.73038,45429.90165,-1.16666667,12679977,7.6,6777.326478,99.7,10709.29903,10.77681611
12/01/1999,2.8,49998.97058,6.4,5.11666667,97.83413253,46249.18531,48041.06712,-0.83333333,12888281,6.7,6014.746378,95.3,10733.97329,10.66579192
03/01/2000,3,47511.68319,5.66666667,5.61666667,96.4889132,49112.59644,51675.88825,0.1,12935252,8.7,9842.025234,96.8,10919.40631,10.48676023
06/01/2000,0.1,48493.20343,5.13333333,6.38666667,95.99974254,49782.42748,52249.67638,0.1,13170749,9.1,23034.13044,90.1,10928.79972,10.42275407
09/01/2000,1.2,51452.49606,5.03333333,5.99,95.51057188,51107.71814,54045.95294,0.26666667,13183890,8.8,6582.46028,87.3,11934.39596,10.11835464
12/01/2000,0.7,52674.74216,4.6,5.71,95.38827921,51763.37736,54724.18052,0.93333333,13262250,7.5,31026.46191,84.2,11711.28275,10.15746944
03/01/2001,-0.3,48373.51921,4.3,4.77333333,94.65452322,50068.46889,53724.2165,0.66666667,13219251,9.5,12793.03919,81,11098.39484,9.82929526
06/01/2001,-0.1,48970.76358,4.5,3.68666667,94.77681589,47534.83778,50669.10007,1.56666667,13301394,8.6,8535.144818,81.2,10503.95531,9.71231759
09/01/2001,-0.1,51503.84841,5.03333333,2.93333333,94.40993789,47428.66438,50374.1769,0.8,13248142,8,8855.777733,78.6,11584.19269,10.05297825
12/01/2001,-0.6,52224.59655,5.86666667,1.77666667,93.43159656,45651.67651,47457.83103,-0.13333333,13284881,7.5,1103.280566,73.8,10512.00082,9.79872216
03/01/2002,0.1,48095.2381,6.6,1.81666667,92.08637724,46596.36701,48225.37679,-0.6,13394910,8.9,2879.708696,73.8,8966.715388,9.72466929
06/01/2002,1.5,49212.67212,7.33333333,1.66333333,91.71949924,48921.84709,51014.05281,-1.06666667,13477356,8.8,7304.54627,72.2,9394.471653,10.37496491
09/01/2002,1.6,52714.45604,7.73333333,1.55,91.23032858,51560.79438,53607.57624,-0.76666667,13531741,9.6,3993.606809,68.6,9932.350138,10.31700997
12/01/2002,0.7,54383.67874,7.26666667,1.43666667,90.74115792,52804.54336,54517.42854,-0.63333333,13549421,9.1,-7430.858592,65.1,9538.629865,10.60156182
03/01/2003,-0.1,49958.50073,7.23333333,1.16,90.37427992,54321.13696,56840.45842,0.5,13619434,11.1,6164.24481,62.7,8510.214548,10.71280399
06/01/2003,-2.4,48939.58756,8.16666667,1.03333333,89.51823126,54927.7959,55938.05201,0.66666667,13741107,9.1,3069.174056,59.8,8200.106849,10.9224933
09/01/2003,6.1,54856.11649,8.7,0.76333333,87.80613394,55423.25888,57201.63925,0.83333333,13970157,10,11717.36481,59.3,9001.347104,11.07088627
12/01/2003,1.1,57252.27645,7.63333333,0.04333333,88.6621826,59036.73088,62296.44045,2.66666667,14131379,10,-2385.339629,64.4,9235.311054,11.53558676
03/01/2004,2.9,54056.98098,7.03333333,0.03,88.6621826,61959.37159,66530.07852,2.76666667,14212340,10.6,-4830.269865,73.6,9089.701338,11.53911069
06/01/2004,1.8,54886.73527,6.93333333,0.25666667,88.78447527,64617.9889,68061.96893,4.4,14323017,11.6,6776.262068,77.2,9285.057776,11.43653092
09/01/2004,1.1,58605.46514,7,0.67,88.53988994,65105.21381,67837.01445,5.26666667,14457832,9.8,11574.37007,77.8,9273.265753,11.45594928
12/01/2004,2,61749.32735,6.53333333,0.07333333,89.0290606,67677.85392,69173.38072,3.16666667,14605595,8.8,8672.216418,83.4,9245.599904,12.07230181
03/01/2005,1.1,57357.61063,5.9,1.43333333,88.98400541,67647.33771,71295.78537,2.83333333,14767846,11.1,11562.39313,89.9,9317.67663,11.78368007
06/01/2005,3.1,58962.17896,5.76666667,2.43333333,89.34444695,72638.38666,74788.94769,1.73333333,14839707,11.1,7807.2184,94.5,9856.924585,11.32007038
09/01/2005,1.9,63742.30944,5.9,3.28333333,89.6598333,73768.39756,76141.22065,1.33333333,14956291,10.8,10356.70462,93.6,9748.925252,11.24422026
12/01/2005,1.2,66567.48113,5.23333333,3.6,90.15544041,74375.26971,77088.09428,1.36666667,15041232,12.4,11236.26562,90.1,9927.69572,11.0803819
03/01/2006,2.2,62848.13145,4.9,3.63,90.38071638,77079.15989,82261.16331,1.2,15244088,12.5,11913.83674,91.5,10148.54697,11.18023967
06/01/2006,1,62808.64503,4.93333333,3.85666667,91.14665465,76290.88444,80552.2088,1.36666667,15281525,13.7,7630.481022,93.2,10661.35304,11.48951719
09/01/2006,1.8,67744.90937,5.1,3.62,91.68731696,80024.64413,84220.58112,1.26666667,15304517,12.2,8988.903695,92.7,11375.70129,11.49726502
12/01/2006,1.6,70837.36793,4.4,3.44666667,92.0928137,82883.50271,87641.73369,2.03333333,15433643,12.5,16367.49244,93.3,11214.10638,11.69597242
03/01/2007,1.4,66106.6571,4.13333333,3.66,91.95764812,84087.39414,88986.89278,2.73333333,15478956,13.8,13955.96937,96.6,9953.894624,11.79530936
06/01/2007,1.6,66187.86863,4.3,3.86666667,92.31808966,84152.56993,89891.70942,3.6,15577779,15,14064.55905,100.3,10901.4726,11.84038629
09/01/2007,1.9,72025.31429,4.43333333,3.67333333,93.17413832,86398.48216,91819.96429,6.1,15671605,14.3,16239.19615,104,10750.50389,12.08972533
12/01/2007,1.8,75837.241,3.6,1.33,95.29173237,89856.22959,97216.00377,6.63333333,15767146,13.9,17858.91249,113.2,12024.32898,12.32830604
03/01/2008,1.4,70886.45112,3.13333333,1.00333333,96.14778103,93110.9801,99452.56814,8.03333333,15702906,11.5,19835.6428,125,11670.25917,12.80324558
06/01/2008,-1.2,68988.80631,3.3,0.94,97.63460239,90464.88167,98131.05509,7.76666667,15792773,10.9,17105.83791,125.9,11688.62808,12.74302078
09/01/2008,-1.1,72781.4612,3.53333333,0.78666667,97.49943681,91579.18745,98401.41478,5.26666667,15709562,9.5,13678.13586,123.2,11555.20218,12.09261114
12/01/2008,-2,74024.22194,3.73333333,0.09333333,97.49943681,88237.11872,93505.64659,2.53333333,15366607,7.1,16422.2976,108,10134.26541,11.93785936
03/01/2009,-3.4,65717.651,4.7,0.12,97.76976797,72812.7062,77157.24193,-0.6,15187475,6.4,8908.553181,108,9729.395126,11.58757474
06/01/2009,3.6,67285.3051,5.43333333,0.02,97.5895472,78803.1058,83846.88899,-1.53333333,15161772,8.2,11416.76272,117.1,10351.80375,12.03052918
09/01/2009,0.5,71985.60056,5.8,0.07666667,96.59833296,79202.64949,88842.11496,-1.26666667,15216647,10.6,11101.50575,127.1,12294.3628,12.27969276
12/01/2009,2,75878.89214,4.93333333,0.04666667,99.07636855,87169.42943,97118.71155,0.66666667,15379155,11.9,22851.19559,132.9,11430.11354,12.15822387
03/01/2010,1.9,70843.38746,4.46666667,0.09666667,99.84230683,91339.75278,102236.654,2.2,15456059,12.2,27047.47839,140.8,11125.34671,11.78838151
06/01/2010,1.7,71317.34679,4.73333333,0.33,100.2478036,97495.99931,108613.7936,2.93333333,15605628,10.8,15573.29139,146.4,12623.46644,11.51394599
09/01/2010,0.9,76486.11314,4.53333333,0.23,98.13020951,101231.9175,110430.2638,3.46666667,15726282,9.9,28284.66998,154.1,12754.03478,12.07835094
12/01/2010,1.6,80571.45434,3.93333333,0.27666667,101.7796801,99587.07272,111394.7065,4.7,15807995,9.9,11810.64321,162.3,13293.75338,11.97300011
03/01/2011,2.7,76001.2157,3.43333333,0.18333333,103.6719982,112679.9908,122642.3154,5.06666667,15769911,10.2,27046.88565,175.1,12976.57216,12.34156844
06/01/2011,-0.4,74972.48273,3.66666667,0.1,105.4291507,105631.8803,120284.1617,5.73333333,15876839,10,27479.46921,185.8,14599.5851,12.45388709
09/01/2011,0.2,79246.32164,3.53333333,0.09333333,104.5280469,105544.1285,120302.3459,6.26666667,15870684,9.4,17341.8734,185.2,15334.645,12.1673936
12/01/2011,0.5,82780.20141,3.23333333,0.16333333,107.5918,106144.5885,120864.5741,4.6,16048702,8.8,24268.56654,182.1,15581.35847,11.92210675
03/01/2012,0.2,76887.87126,3.16666667,0.13,109.0786213,112082.8344,125136.7072,3.76666667,16179968,8.1,25980.81501,185.3,14942.78006,12.02787735
06/01/2012,0.6,75860.9583,3.33333333,0.1,109.8896148,108691.9537,123927.4147,2.86666667,16253726,7.7,13801.22911,202.3,15956.29823,11.76933887
09/01/2012,0.8,81047.82454,3.43333333,0.18333333,107.7269655,110218.5268,126632.7284,1.9,16282151,7.5,16203.22097,211.6,17404.57228,11.95736156
12/01/2012,1.1,85644.65145,3.26666667,0.07,111.6017121,113454.1033,129850.5513,2.06666667,16300035,8.1,18898.68012,225.7,18402.72492,11.9118976
03/01/2013,0.8,79570.51497,3.33333333,0.08333333,113.0434783,114189.7082,129026.3822,2.43333333,16441485,7.9,19825.1631,237.5,15240.4652,11.6360131
06/01/2013,0.4,78195.16678,3.5,0.10666667,114.3050237,112165.2655,129106.6843,2.4,16464402,7.6,14693.81181,241.2,16644.19125,11.66545347
09/01/2013,0.6,83537.04715,3.5,0.16,113.4940302,114117.2168,130420.9688,2.8,16594743,7.9,25907.90114,245.6,16373.68211,11.89451642
12/01/2013,0.9,88057.94646,3.26666667,0.12,116.4676729,117938.3985,134255.0963,2.9,16712760,7.7,16425.87514,245.2,18204.76882,11.94038355
03/01/2014,0.9,81891.65503,2.96666667,0.14,117.7292183,114905.1852,132354.3235,2.3,16654247,7.5,26515.86295,244.2,15410.28891,11.98866745
06/01/2014,-0.2,80008.81421,3.23333333,0.08666667,118.4951566,118232.5612,135836.3667,2.2,16868109,7.6,26958.32385,247.6,16319.22917,11.98143075
09/01/2014,1.5,86284.51138,3.5,0.06666667,118.9907637,121122.4325,138178.3169,1.96666667,17064616,7.2,46041.79208,261.3,16761.43499,11.51004154
12/01/2014,0.4,90355.24551,3.26666667,0.03333333,122.3248479,118463.5507,137502.2473,1.5,17141235,7.3,30324.42748,274.3,19974.85558,11.23620738
03/01/2015,0.6,83858.19157,3.13333333,0.02,122.7753999,118309.6986,134677.4678,1.2,17280647,7.1,75935.07435,289.2,16871.18015,10.69726378
06/01/2015,0.6,82487.10033,3.3,0.00666667,121.9644064,116292.3698,131979.379,1.36666667,17380875,7.1,61927.34046,299.2,17581.09596,10.90165237
09/01/2015,0.5,88246.53293,3.46666667,-0.00333333,122.0094616,116219.1075,128867.4378,1.73333333,17437080,7,13426.30459,305.2,16401.7287,10.87824702
12/01/2015,0.1,92129.0514,3.3,0.01,125.0732147,115020.7768,127400.7108,1.46666667,17462579,6.9,29741.4327,293.6,18441.75784,10.74010484
03/01/2016,-0.3,84611.20281,3.16666667,0.12666667,126.1995945,109415.8764,123261.658,2.13333333,17565465,6.9,19149.60665,274.7,15439.30202,10.92328413
06/01/2016,1.5,83887.91767,3.46666667,0.14333333,125.0732147,115205.8977,127987.3406,2.06666667,17618581,6.8,25918.10523,275.2,16375.38604,10.85293114
09/01/2016,1.1,90186.9424,3.56666667,0.29666667,125.7940978,115887.8086,130249.5222,1.66666667,17724489,6.8,47472.79666,288.4,17444.43298,10.82453505
12/01/2016,1.1,95137.93637,3.33333333,0.41666667,126.6050912,120915.7805,134212.5007,2.16666667,17812560,6.9,40724.48822,306.1,19696.92673,10.42394846
03/01/2017,0.6,88549.95834,3.13333333,0.40666667,126.9204776,121526.2385,137845.8556,1.4,17889094,7,26780.47711,315,17167.52429,10.54271223
06/01/2017,0.9,86843.8898,3.2,0.33333333,127.5963055,123465.152,138240.4741,1.4,17979218,7,43103.8808,333.2,18438.59837,10.86256291
09/01/2017,0.8,92632.54207,3.3,0.36,128.0018022,124360.9621,139116.8119,1.6,18127994,6.9,16623.4564,339.3,17565.29528,11.03783958
12/01/2017,1.1,97771.49249,2.96666667,0.87333333,128.6776301,128542.4597,144921.0006,1.8,18310300,6.8,39226.32591,348,20738.19658,11.1281849
03/01/2018,1.4,91762.7595,2.73333333,0.74666667,130.0292859,130455.086,148939.947,2.16666667,18437127,6.9,34129.67103,364.3,18408.43181,11.4113826
06/01/2018,-0.1,89045.74414,2.8,1.27,130.3446722,133740.385,151818.973,1.83333333,18565697,6.9,16227.06422,383.8,19404.68909,11.03596888
09/01/2018,0.2,94688.16528,2.9,1.6,131.1556657,135497.8828,154775.1946,2.3,18699748,6.7,25391.12663,392.9,20049.37684,10.92202362
12/01/2018,-0.3,98601.26461,2.8,1.65,131.9666592,131537.9532,147786.455,2.2,18733741,6.5,21305.23089,368.3,20282.68506,10.89546115
03/01/2019,0.7,91824.36911,2.66666667,1.21,132.867763,125827.6651,143056.6142,1.83333333,18835411,6.3,26325.77109,368.9,16900.45883,10.89637958
06/01/2019,-0.6,89210.27455,2.86666667,1.94,134.1743636,127841.3131,143337.2205,2.63333333,18962175,6,-16300.28532,394.3,16800.83169,10.8603324
09/01/2019,-3.3,91819.26157,3,1.95,135.4809642,127283.6044,139605.0055,2.86666667,19130932,5.9,19226.19124,387.7,16529.80166,10.69104621
12/01/2019,-0.4,95079.46921,3.1,1.88,136.0666817,128322.2882,138529.1762,4.26666667,19215691,5.8,29056.72114,380.9,16209.29093,10.76806281
03/01/2020,-4.8,84032.37637,3.6,1.24,135.3457986,115417.9307,130375.0148,4.96666667,18989877,-6.9,28643.95002,377.2,14714.77654,10.58401084
06/01/2020,-1.3,81724.36482,5.8,0.32,136.2018473,124020.3765,132107.9694,2.73333333,17378712,3.1,20146.0014,383.4,13121.80689,10.66370434
09/01/2020,2.6,89024.82033,6.36666667,0.03,133.093039,130485.8012,138619.2887,2.26666667,18743720,4.8,38791.45501,383.5,14524.34508,10.91081327
12/01/2020,0.3,92577.9194,6.33333333,0.03333333,135.3007434,136522.8917,149367.2188,0.06666667,18924262,6.4,29889.8292,380.6,16392.48671,11.16640142
03/01/2021,6.8,91114.46288,6.63333333,0.04333333,136.9677855,153067.2183,162676.3701,-0.03333333,19216224,18.7,50161.52944,385.5,14672.88033,11.01878792
06/01/2021,-2.3,87753.23873,5.96666667,0.01333333,137.2831719,157286.5166,168204.3963,1.1,19544248,8.3,29770.52051,393,15344.73433,11.07903243
09/01/2021,0.7,93616.3894,4.9,0.00333333,136.1117369,160179.4591,174204.7546,0.83333333,19672594,5.2,22404.79803,397.9,15859.83904,10.97369919
12/01/2021,-0.5,96444.09639,4.13333333,0.09,138.0491102,168548.9622,177463.2585,1.76666667,20006181,8.44846942,34867.95989,394.5,16262.6937,10.91403275
03/01/2022,-1.8,87055.95442,4.26666667,0.14,139.0853796,156323.5359,166400.2277,1.1,19924088,4.8,35166.71862,385.3,13652.51968,10.82556886
06/01/2022,0.1,85771.82063,5.13333333,0.46666667,139.3106556,151982.8682,168250.8252,2.23333333,19895271,2.5,29303.73642,384.1,15676.69987,10.41910093
09/01/2022,-2.5,88538.91926,4.3,2.20666667,139.7612075,141949.636,153384.4418,2.66666667,20054663,3,22418.10328,368.3,13653.53006,10.04834108
12/01/2022,0,92129.89005,3.63333333,3.51666667,140.572201,131789.4043,143964.7246,1.83333333,20182491,2.98908409,34081.69266,341,14664.79161,10.39122814
03/01/2023,5.3,89049.84649,3.1,2.58,141.7886912,129103.3406,145036.9388,1.26666667,20246439,4.5496904,NA,345.8,14171.03954,10.56207768
